{"cameraMode":{"drawMode":0,"name":"Shaded","section":"Shading Mode"},"sceneLighting":true,"audioPlay":false,"sceneViewState":{"showFog":true,"showMaterialUpdate":false,"showSkybox":true,"showFlares":true,"showImageEffects":true,"showParticleSystems":true},"in2DMode":false,"pivot":{"x":-6.7228899002075199,"y":-7.366164207458496,"z":-8.377360343933106},"rotation":{"x":-0.11372815817594528,"y":0.8811413645744324,"z":-0.26997482776641848,"w":-0.3711916208267212},"size":10.0,"orthographic":false}